{
  "project_info": {
    "project_number": "506265045",
    "project_id": "project-is-15013",
    "storage_bucket": "project-is-15013.appspot.com"
  },
  "client": [
    {
      "client_info": {
        "mobilesdk_app_id": "1:506265045:android:851ffd4b480dac0e84115c",
        "android_client_info": {
          "package_name": "com.example.project_is"
        }
      },
      "oauth_client": [],
      "api_key": [
        {
          "current_key": "AIzaSyCQ2hiTwPopn47RxBd_Zlt9EHd4un6_bNg"
        }
      ],
      "services": {
        "appinvite_service": {
          "other_platform_oauth_client": []
        }
      }
    }
  ],
  "configuration_version": "1"
}